,smooth,smooth,smooth,smooth,smooth,disk,disk,disk,disk,disk,spiral,spiral,spiral,spiral,spiral,bar,bar,bar,bar,bar,merger,merger,merger,merger,merger,disturbed,disturbed,disturbed,disturbed,disturbed,ring,ring,ring,ring,ring,irregular,irregular,irregular,irregular,irregular,bulge,bulge,bulge,bulge,bulge
,mean,std,min,max,count,mean,std,min,max,count,mean,std,min,max,count,mean,std,min,max,count,mean,std,min,max,count,mean,std,min,max,count,mean,std,min,max,count,mean,std,min,max,count,mean,std,min,max,count
cluster,,,,,,,,,,,,,,,,,,,,,,,,,,,,,,,,,,,,,,,,,,,,,
-1,0.6392442409708596,0.2842799295601676,0.0,1.0,13761,0.32051551486083857,0.29147515687267717,0.0,1.0,13761,0.3249300922898045,0.35355414320371203,0.0,1.0,13761,0.16199236974057118,0.2452484291902059,0.0,1.0,13761,0.09949574885546109,0.18673941861645413,0.0,1.0,13761,0.1640113363854371,0.2459304407812757,0.0,1.0,13761,0.1452426422498365,0.267246169074497,0.0,1.0,13761,0.1567350483249764,0.24525434738611135,0.0,1.0,13761,0.37769042947460213,0.3132537998374695,0.0,1.0,13761
0,0.7659655172413793,0.18232640346851645,0.122,0.957,87,0.18713793103448276,0.19172850065421018,0.021,0.857,87,0.10205747126436782,0.17918240390158222,0.0,0.833,87,0.1929310344827586,0.3002080206349733,0.0,1.0,87,0.13485057471264367,0.2320033845350373,0.0,1.0,87,0.06332183908045977,0.18117635596117165,0.0,1.0,87,0.20408045977011494,0.3210679569590099,0.0,1.0,87,0.060390804597701145,0.19323358297376775,0.0,1.0,87,0.6625057471264367,0.2534330274159055,0.0,1.0,87
1,0.6894848484848485,0.22490416309120997,0.115,0.929,33,0.2696969696969697,0.2294194418592947,0.057,0.885,33,0.08924242424242423,0.16153637947514915,0.0,0.692,33,0.2565454545454545,0.31719090179546167,0.0,1.0,33,0.08927272727272727,0.1803391375865332,0.0,0.565,33,0.06881818181818182,0.13831021621373785,0.0,0.5,33,0.2641818181818182,0.32996831803840027,0.0,1.0,33,0.031242424242424238,0.17399264178102303,0.0,1.0,33,0.6096969696969697,0.2587315796400399,0.0,1.0,33
2,0.42941666666666667,0.32045765265141835,0.0,0.848,36,0.5464444444444445,0.32134898203350243,0.147,0.977,36,0.5858611111111112,0.36014617292568285,0.0,1.0,36,0.18866666666666665,0.2626787282703232,0.0,1.0,36,0.061111111111111116,0.18349414592106633,0.0,1.0,36,0.12047222222222222,0.2568562117062063,0.0,1.0,36,0.31647222222222227,0.32521399426145864,0.0,1.0,36,0.11261111111111112,0.17772808730156586,0.0,0.667,36,0.5138055555555555,0.22666360467119478,0.0,1.0,36
3,0.21224,0.17032598157650522,0.0,0.525,25,0.7679600000000001,0.17780735830293037,0.475,1.0,25,0.82864,0.18925553272405715,0.211,1.0,25,0.23015999999999998,0.23340784762585282,0.0,0.833,25,0.03508,0.056863081168716134,0.0,0.167,25,0.33728,0.324781403408508,0.0,1.0,25,0.15572,0.210102657447893,0.0,0.682,25,0.19407999999999997,0.18505763066317116,0.0,0.6,25,0.24844000000000002,0.1956953584869435,0.0,0.649,25
4,0.27694285714285716,0.25527689036867895,0.0,0.864,35,0.7024285714285714,0.2554273565101857,0.136,0.981,35,0.7703142857142856,0.2602558437416549,0.083,1.0,35,0.26162857142857143,0.27469823932649373,0.0,0.962,35,0.10291428571428572,0.1812642483533155,0.0,0.8,35,0.17017142857142856,0.25480436390600975,0.0,1.0,35,0.22722857142857145,0.3121979091118029,0.0,1.0,35,0.18854285714285715,0.2278045269984958,0.0,0.714,35,0.36782857142857145,0.1839676259426043,0.0,0.75,35
5,0.1896206896551724,0.24968571871070003,0.0,0.841,29,0.7986896551724137,0.24901019822034196,0.136,1.0,29,0.8598620689655172,0.1983864778186275,0.214,1.0,29,0.3282413793103448,0.3118850125987843,0.0,0.932,29,0.062310344827586205,0.1313789783815932,0.0,0.5,29,0.25889655172413795,0.2167533728239122,0.0,0.7,29,0.2936206896551724,0.3001654798122794,0.0,1.0,29,0.1610344827586207,0.17492273452638224,0.0,0.545,29,0.3652068965517241,0.15425914636238985,0.067,0.667,29
6,0.3111111111111111,0.29546200241620724,0.0,0.867,27,0.6664444444444444,0.3058012594094574,0.071,1.0,27,0.6756666666666666,0.35044982083470516,0.0,1.0,27,0.23114814814814813,0.2538700006065648,0.0,0.946,27,0.05766666666666667,0.11392068765998158,0.0,0.375,27,0.18359259259259259,0.205012431003822,0.0,0.714,27,0.2567037037037037,0.3150656604112393,0.0,1.0,27,0.20762962962962964,0.28887076537496675,0.0,1.0,27,0.27081481481481484,0.16827725223045928,0.0,0.575,27
7,0.5535357142857144,0.290331417539649,0.049,0.946,28,0.42267857142857146,0.2931686474030022,0.048,0.941,28,0.4729285714285715,0.385564226150161,0.0,1.0,28,0.20107142857142857,0.29348946962892686,0.0,1.0,28,0.11903571428571429,0.19298809829794192,0.0,0.769,28,0.20835714285714285,0.230896836717936,0.0,0.75,28,0.08135714285714286,0.17985348240241314,0.0,0.684,28,0.1660714285714286,0.19321546762932035,0.0,0.667,28,0.16199999999999998,0.1968231016251226,0.0,0.667,28
8,0.6429583333333333,0.28755815731879303,0.05,0.976,24,0.3182916666666667,0.2805200882780701,0.024,0.925,24,0.513375,0.32235759410670145,0.0,1.0,24,0.10558333333333332,0.18922563404494155,0.0,0.654,24,0.07158333333333333,0.15447102350100897,0.0,0.526,24,0.20845833333333333,0.21751621212275624,0.0,0.667,24,0.1789166666666667,0.2652173705155611,0.0,1.0,24,0.236,0.2803181422412135,0.0,1.0,24,0.176125,0.17955919757779776,0.0,0.667,24
9,0.839051282051282,0.07631154487659048,0.625,0.977,78,0.11852564102564102,0.07480237588402815,0.0,0.35,78,0.13143589743589745,0.20880436315187975,0.0,1.0,78,0.10350000000000001,0.16692970368998433,0.0,0.75,78,0.13570512820512823,0.21916897999384355,0.0,1.0,78,0.21311538461538462,0.31488377492067093,0.0,1.0,78,0.07661538461538461,0.19844893554761142,0.0,1.0,78,0.1312179487179487,0.217320437742686,0.0,1.0,78,0.48405128205128206,0.33753083158588976,0.0,1.0,78
10,0.41084000000000004,0.2843613722009373,0.0,0.946,25,0.56384,0.28284870514110544,0.0,1.0,25,0.72444,0.2550176595192315,0.0,1.0,25,0.1402,0.15825664809627008,0.0,0.732,25,0.02896,0.0743754439762659,0.0,0.333,25,0.27048,0.25251949099689974,0.0,1.0,25,0.19211999999999999,0.3203717007893592,0.0,1.0,25,0.27304,0.2494897259073674,0.0,0.714,25,0.1352,0.16283222449298337,0.0,0.579,25
11,0.7702857142857144,0.16330812892671623,0.333,0.957,28,0.19342857142857145,0.17275553881272865,0.021,0.651,28,0.15564285714285717,0.19313825680943236,0.0,0.5,28,0.09667857142857142,0.22571795799370187,0.0,1.0,28,0.07664285714285714,0.14763172756601808,0.0,0.474,28,0.12764285714285714,0.23483109994769755,0.0,1.0,28,0.16524999999999998,0.31436480636591857,0.0,0.943,28,0.12321428571428572,0.2839803536687727,0.0,1.0,28,0.6351071428571429,0.26638906930162554,0.0,1.0,28
12,0.8212232142857143,0.14199458877022653,0.021,0.975,112,0.13664285714285715,0.14751435154751522,0.0,0.957,112,0.1435714285714286,0.23056994460792016,0.0,1.0,112,0.14563392857142857,0.2606648462714613,0.0,1.0,112,0.0983125,0.1948655360489372,0.0,1.0,112,0.16102678571428572,0.2629510439764673,0.0,1.0,112,0.1233125,0.26415972615715555,0.0,1.0,112,0.17804464285714286,0.2909071053360617,0.0,1.0,112,0.49293750000000003,0.31681595194988194,0.0,1.0,112
13,0.7095600000000001,0.22224431858397897,0.031,0.952,50,0.25056,0.22877902715350926,0.0,0.938,50,0.15664,0.2569008194233879,0.0,1.0,50,0.1165,0.22018158090864134,0.0,1.0,50,0.08094000000000001,0.18118886414400834,0.0,1.0,50,0.18236,0.29617884558392854,0.0,1.0,50,0.21366,0.3598785288263306,0.0,1.0,50,0.09898,0.22373695287464845,0.0,1.0,50,0.48818,0.3067936679494503,0.0,1.0,50
14,0.825925925925926,0.12294649428040014,0.377,0.951,27,0.13633333333333333,0.12784064599817527,0.0,0.585,27,0.17688888888888887,0.2820168207385637,0.0,1.0,27,0.09107407407407407,0.15757951007127163,0.0,0.5,27,0.14022222222222222,0.20633697855195204,0.0,0.667,27,0.12255555555555556,0.189388354230002,0.0,0.5,27,0.14122222222222222,0.2768868601673495,0.0,1.0,27,0.12503703703703703,0.22225790311837168,0.0,0.75,27,0.45670370370370367,0.3361278162126854,0.0,1.0,27
15,0.7967615384615384,0.17491210655889608,0.0,1.0,130,0.1594076923076923,0.18234071082479264,0.0,1.0,130,0.15914615384615385,0.23743036879020366,0.0,1.0,130,0.10213076923076923,0.20710587445063414,0.0,1.0,130,0.09003076923076923,0.19293200547301065,0.0,1.0,130,0.2102923076923077,0.3298983739724584,0.0,1.0,130,0.11766153846153846,0.2571066063647033,0.0,1.0,130,0.12258461538461539,0.2454740954651316,0.0,1.0,130,0.5099230769230769,0.3476483703195054,0.0,1.0,130
16,0.853764705882353,0.09813777829873553,0.551,1.0,51,0.10211764705882354,0.09591176091779852,0.0,0.429,51,0.18596078431372548,0.27476797198977276,0.0,1.0,51,0.07117647058823529,0.20824473159072743,0.0,1.0,51,0.09305882352941178,0.16782185933479654,0.0,0.5,51,0.18060784313725492,0.29545321649502293,0.0,1.0,51,0.08952941176470589,0.2179698468083305,0.0,1.0,51,0.2014509803921569,0.34469524590429096,0.0,1.0,51,0.47974509803921567,0.3686035725891573,0.0,1.0,51
17,0.8396315789473685,0.06940220035080903,0.647,0.953,57,0.1152280701754386,0.06684444029233089,0.023,0.353,57,0.09515789473684211,0.2025888508314389,0.0,1.0,57,0.097,0.21829239892532085,0.0,1.0,57,0.062,0.16248274633678142,0.0,1.0,57,0.18445614035087718,0.3080953626821826,0.0,1.0,57,0.11843859649122807,0.23127519303263094,0.0,1.0,57,0.17921052631578946,0.3243227964787389,0.0,1.0,57,0.5079298245614036,0.29307738249535026,0.0,1.0,57
18,0.8386521739130436,0.16179830561413414,0.14,0.957,23,0.12065217391304348,0.16254778561609395,0.022,0.837,23,0.15791304347826088,0.2628528646572033,0.0,1.0,23,0.15017391304347827,0.21450866737604485,0.0,0.667,23,0.05330434782608696,0.11047148327329,0.0,0.35,23,0.17678260869565215,0.34231696589321997,0.0,1.0,23,0.057956521739130434,0.21675635216882017,0.0,1.0,23,0.05404347826086956,0.14511327182611194,0.0,0.5,23,0.6222173913043478,0.31332251123631516,0.0,1.0,23
19,0.2947619047619048,0.22868491527905918,0.0,0.692,21,0.6785714285714286,0.24022418101193965,0.256,1.0,21,0.739904761904762,0.23993142869618075,0.3,1.0,21,0.1978095238095238,0.19801858979591264,0.0,0.667,21,0.04485714285714286,0.0730330649187652,0.0,0.25,21,0.19961904761904764,0.166121785504032,0.0,0.5,21,0.11995238095238096,0.2200735050364937,0.0,0.833,21,0.3614761904761905,0.20569312556515326,0.0,0.692,21,0.17633333333333331,0.10825910277354664,0.0,0.5,21
20,0.37583333333333335,0.23906867006015026,0.021,0.894,78,0.5987179487179487,0.24604903414995807,0.085,0.978,78,0.14475641025641026,0.2969984995325881,0.0,1.0,78,0.17217948717948717,0.3313077881409528,0.0,1.0,78,0.06785897435897437,0.15990668742941516,0.0,1.0,78,0.15197435897435896,0.239151583422481,0.0,1.0,78,0.053974358974358976,0.14447072901384397,0.0,1.0,78,0.09743589743589744,0.19874088003210966,0.0,1.0,78,0.07348717948717949,0.20754637995758887,0.0,1.0,78
21,0.6881951219512196,0.23851543131548064,0.023,0.932,41,0.27190243902439026,0.24450908008477407,0.024,0.932,41,0.4648780487804878,0.3189854381568186,0.0,1.0,41,0.2391707317073171,0.31513869188335353,0.0,1.0,41,0.025634146341463413,0.06354358980163183,0.0,0.308,41,0.23626829268292682,0.22438282291546338,0.0,1.0,41,0.08129268292682927,0.19041523624731807,0.0,1.0,41,0.3994878048780488,0.33045575512852093,0.0,1.0,41,0.10268292682926829,0.14963796961740528,0.0,0.714,41
22,0.8224554455445544,0.0740847521089833,0.5,0.958,101,0.09943564356435644,0.054549320040048935,0.0,0.333,101,0.07074257425742575,0.15008655192690296,0.0,0.75,101,0.04227722772277228,0.1082411307047262,0.0,0.667,101,0.16880198019801979,0.22134687799027028,0.0,1.0,101,0.06106930693069307,0.14080342733227363,0.0,0.692,101,0.04356435643564357,0.13742688353023103,0.0,1.0,101,0.03674257425742574,0.09297834731434483,0.0,0.5,101,0.5401188118811882,0.30488139618968924,0.0,1.0,101
23,0.44849999999999995,0.20449187898649807,0.088,0.769,22,0.3463636363636364,0.27080401373098933,0.044,0.882,22,0.16668181818181818,0.259354030211626,0.0,1.0,22,0.16927272727272727,0.32195728522040545,0.0,1.0,22,0.038318181818181814,0.07299666421839417,0.0,0.25,22,0.09845454545454545,0.1380140528637529,0.0,0.5,22,0.061727272727272735,0.13939774604250815,0.0,0.5,22,0.3098181818181818,0.32285329653304007,0.0,0.867,22,0.27445454545454545,0.3481317111549712,0.0,1.0,22
24,0.5542083333333333,0.2032708578883522,0.175,0.857,24,0.40254166666666663,0.20898158420356538,0.071,0.8,24,0.39025,0.31815818461071,0.0,0.941,24,0.18475,0.22579622402203425,0.0,1.0,24,0.09804166666666665,0.1653987222406527,0.0,0.72,24,0.18037499999999998,0.18209381540485017,0.0,0.75,24,0.03958333333333334,0.09152140004756629,0.0,0.333,24,0.4114583333333333,0.255580835364855,0.0,0.909,24,0.08870833333333333,0.1294689753559135,0.0,0.5,24
25,0.5622499999999999,0.2623645264452535,0.033,0.932,20,0.3883,0.2628864273487898,0.068,0.9,20,0.37829999999999997,0.28038884653844187,0.0,0.933,20,0.18965,0.22488553228604757,0.0,0.63,20,0.10155,0.18071946127689328,0.0,0.692,20,0.14595,0.23006760448089805,0.0,1.0,20,0.05055,0.14181658836977468,0.0,0.6,20,0.4854,0.2793783324303783,0.0,1.0,20,0.05,0.07225612339740524,0.0,0.222,20
26,0.5424444444444445,0.2580841146921102,0.056,0.932,27,0.39611111111111114,0.2615930976114407,0.023,0.917,27,0.35888888888888887,0.2915637327522239,0.0,1.0,27,0.20114814814814816,0.22739980104580018,0.0,0.622,27,0.11748148148148149,0.19230192014129371,0.0,0.805,27,0.11703703703703704,0.09348734240999255,0.0,0.333,27,0.03392592592592593,0.09930989799841625,0.0,0.5,27,0.4971481481481482,0.22648309560007474,0.029,1.0,27,0.10885185185185185,0.1643461880168491,0.0,0.5,27
